{
  "T02_Application" : {
    "transaction" : "T02_Application",
    "sampleCount" : 720,
    "errorCount" : 0,
    "errorPct" : 0.0,
    "meanResTime" : 272.79861111111126,
    "medianResTime" : 269.5,
    "minResTime" : 50.0,
    "maxResTime" : 501.0,
    "pct1ResTime" : 462.0,
    "pct2ResTime" : 478.94999999999993,
    "pct3ResTime" : 492.0,
    "throughput" : 6.004453302866293,
    "receivedKBytesPerSec" : 0.6684645278581615,
    "sentKBytesPerSec" : 0.0
  },
  "Total" : {
    "transaction" : "Total",
    "sampleCount" : 2875,
    "errorCount" : 0,
    "errorPct" : 0.0,
    "meanResTime" : 273.8306086956524,
    "medianResTime" : 273.0,
    "minResTime" : 50.0,
    "maxResTime" : 501.0,
    "pct1ResTime" : 455.0,
    "pct2ResTime" : 477.0,
    "pct3ResTime" : 496.0,
    "throughput" : 23.89501155271863,
    "receivedKBytesPerSec" : 2.660186833017504,
    "sentKBytesPerSec" : 0.0
  },
  "T01_Tutorial" : {
    "transaction" : "T01_Tutorial",
    "sampleCount" : 723,
    "errorCount" : 0,
    "errorPct" : 0.0,
    "meanResTime" : 270.2932226832642,
    "medianResTime" : 263.0,
    "minResTime" : 51.0,
    "maxResTime" : 501.0,
    "pct1ResTime" : 447.6,
    "pct2ResTime" : 474.0,
    "pct3ResTime" : 497.0,
    "throughput" : 6.017728577968288,
    "receivedKBytesPerSec" : 0.6699424393441259,
    "sentKBytesPerSec" : 0.0
  },
  "T04_Multi-Container-Apps" : {
    "transaction" : "T04_Multi-Container-Apps",
    "sampleCount" : 715,
    "errorCount" : 0,
    "errorPct" : 0.0,
    "meanResTime" : 282.91048951049027,
    "medianResTime" : 289.0,
    "minResTime" : 50.0,
    "maxResTime" : 501.0,
    "pct1ResTime" : 461.4,
    "pct2ResTime" : 482.19999999999993,
    "pct3ResTime" : 496.0,
    "throughput" : 6.0152273587683505,
    "receivedKBytesPerSec" : 0.6696639833003828,
    "sentKBytesPerSec" : 0.0
  },
  "T03_BindMounts" : {
    "transaction" : "T03_BindMounts",
    "sampleCount" : 717,
    "errorCount" : 0,
    "errorPct" : 0.0,
    "meanResTime" : 269.3793584379351,
    "medianResTime" : 274.0,
    "minResTime" : 51.0,
    "maxResTime" : 501.0,
    "pct1ResTime" : 442.20000000000005,
    "pct2ResTime" : 474.0,
    "pct3ResTime" : 493.0,
    "throughput" : 5.9989959839357425,
    "receivedKBytesPerSec" : 0.6678569747740964,
    "sentKBytesPerSec" : 0.0
  }
}